{"cameraMode":{"drawMode":0,"name":"Shaded","section":"Shading Mode"},"sceneLighting":true,"audioPlay":false,"sceneViewState":{"showFog":true,"showMaterialUpdate":false,"showSkybox":true,"showFlares":true,"showImageEffects":true,"showParticleSystems":true},"in2DMode":false,"pivot":{"x":-14.252397537231446,"y":4.706570625305176,"z":-1.7596983909606934},"rotation":{"x":-0.04529225826263428,"y":0.009587281383574009,"z":-0.00043480342719703913,"w":-0.9989289045333862},"size":42.28608703613281,"orthographic":false}