{"cameraMode":{"drawMode":0,"name":"Shaded","section":"Shading Mode"},"sceneLighting":true,"audioPlay":false,"sceneViewState":{"showFog":true,"showMaterialUpdate":false,"showSkybox":true,"showFlares":true,"showImageEffects":true,"showParticleSystems":true},"in2DMode":false,"pivot":{"x":483.39117431640627,"y":438.3494873046875,"z":-765.7713012695313},"rotation":{"x":-0.15409928560256959,"y":-0.034972138702869418,"z":0.0054624928161501888,"w":-0.987446665763855},"size":125.84331512451172,"orthographic":false}