{"cameraMode":{"drawMode":0,"name":"Shaded","section":"Shading Mode"},"sceneLighting":true,"audioPlay":false,"sceneViewState":{"showFog":true,"showMaterialUpdate":false,"showSkybox":true,"showFlares":true,"showImageEffects":true,"showParticleSystems":true},"in2DMode":false,"pivot":{"x":32.5398063659668,"y":-0.14754536747932435,"z":9.212898254394532},"rotation":{"x":-0.039274342358112338,"y":-0.4420928657054901,"z":0.019380267709493638,"w":-0.8959017395973206},"size":28.628019332885743,"orthographic":false}