{"cameraMode":{"drawMode":0,"name":"Shaded","section":"Shading Mode"},"sceneLighting":true,"audioPlay":false,"sceneViewState":{"showFog":true,"showMaterialUpdate":false,"showSkybox":true,"showFlares":true,"showImageEffects":true,"showParticleSystems":true},"in2DMode":false,"pivot":{"x":394.2388610839844,"y":104.92668151855469,"z":382.3161926269531},"rotation":{"x":-0.07363784313201904,"y":-0.053231894969940189,"z":0.003936410881578922,"w":-0.99586021900177},"size":855.2811889648438,"orthographic":false}