{"cameraMode":{"drawMode":0,"name":"Shaded","section":"Shading Mode"},"sceneLighting":false,"audioPlay":false,"sceneViewState":{"showFog":true,"showMaterialUpdate":false,"showSkybox":false,"showFlares":true,"showImageEffects":true,"showParticleSystems":true},"in2DMode":false,"pivot":{"x":30.848445892333986,"y":6.629204273223877,"z":5.086114406585693},"rotation":{"x":-0.027724776417016984,"y":0.9062612652778626,"z":-0.060181986540555957,"w":-0.41749581694602969},"size":12.20740032196045,"orthographic":false}