{"cameraMode":{"drawMode":0,"name":"Shaded","section":"Shading Mode"},"sceneLighting":true,"audioPlay":false,"sceneViewState":{"showFog":true,"showMaterialUpdate":false,"showSkybox":true,"showFlares":true,"showImageEffects":true,"showParticleSystems":true},"in2DMode":false,"pivot":{"x":-110.2773208618164,"y":166.85910034179688,"z":161.913818359375},"rotation":{"x":-0.15928219258785249,"y":0.10109815746545792,"z":-0.016397088766098024,"w":-0.9819477200508118},"size":655.3530883789063,"orthographic":false}