{"cameraMode":{"drawMode":0,"name":"Shaded","section":"Shading Mode"},"sceneLighting":true,"audioPlay":false,"sceneViewState":{"showFog":false,"showMaterialUpdate":false,"showSkybox":false,"showFlares":false,"showImageEffects":false,"showParticleSystems":false},"in2DMode":false,"pivot":{"x":-4.613404273986816,"y":-2.917832612991333,"z":8.238303184509278},"rotation":{"x":-0.1966533362865448,"y":-0.13279011845588685,"z":0.026891538873314859,"w":-0.9710697531700134},"size":15.112391471862793,"orthographic":false}