{"cameraMode":{"drawMode":0,"name":"Shaded","section":"Shading Mode"},"sceneLighting":false,"audioPlay":false,"sceneViewState":{"showFog":false,"showMaterialUpdate":false,"showSkybox":false,"showFlares":false,"showImageEffects":false,"showParticleSystems":false},"in2DMode":false,"pivot":{"x":-0.0000018477439880371094,"y":0.1382465362548828,"z":3.5762786865234377e-7},"rotation":{"x":-0.21008682250976563,"y":-0.036070309579372409,"z":0.00775574566796422,"w":-0.9769891500473023},"size":1.7291591167449952,"orthographic":false}