{"cameraMode":{"drawMode":0,"name":"Shaded","section":"Shading Mode"},"sceneLighting":false,"audioPlay":false,"sceneViewState":{"showFog":false,"showMaterialUpdate":false,"showSkybox":false,"showFlares":false,"showImageEffects":false,"showParticleSystems":false},"in2DMode":false,"pivot":{"x":-0.02707018330693245,"y":-0.15256091952323914,"z":0.9879232048988342},"rotation":{"x":0.10269729793071747,"y":-0.1985500156879425,"z":0.0209248848259449,"w":0.9744722247123718},"size":42.46966552734375,"orthographic":false}