{"cameraMode":{"drawMode":0,"name":"Shaded","section":"Shading Mode"},"sceneLighting":false,"audioPlay":false,"sceneViewState":{"showFog":false,"showMaterialUpdate":false,"showSkybox":false,"showFlares":false,"showImageEffects":false,"showParticleSystems":false},"in2DMode":false,"pivot":{"x":2.4751758575439455,"y":0.8000811338424683,"z":1.0796703100204468},"rotation":{"x":0.18482606112957,"y":-0.11557593941688538,"z":0.021894831210374833,"w":0.9757084250450134},"size":9.30185604095459,"orthographic":false}