{"cameraMode":{"drawMode":0,"name":"Shaded","section":"Shading Mode"},"sceneLighting":false,"audioPlay":false,"sceneViewState":{"showFog":false,"showMaterialUpdate":false,"showSkybox":false,"showFlares":false,"showImageEffects":false,"showParticleSystems":false},"in2DMode":false,"pivot":{"x":-1.1920928955078126e-7,"y":1.7722951173782349,"z":1.1920928955078126e-7},"rotation":{"x":-0.07673383504152298,"y":-0.0023961777333170177,"z":0.0001844712533056736,"w":-0.9970515370368958},"size":6.346008777618408,"orthographic":false}