{"cameraMode":{"drawMode":0,"name":"Shaded","section":"Shading Mode"},"sceneLighting":false,"audioPlay":false,"sceneViewState":{"showFog":false,"showMaterialUpdate":false,"showSkybox":false,"showFlares":false,"showImageEffects":false,"showParticleSystems":false},"in2DMode":false,"pivot":{"x":5.960464477539063e-8,"y":-1.649069076847809e-7,"z":-2.384185791015625e-7},"rotation":{"x":0.07343193143606186,"y":0.007479769643396139,"z":-0.0005508053000085056,"w":0.9972726702690125},"size":2.333461284637451,"orthographic":false}