{"cameraMode":{"drawMode":0,"name":"Shaded","section":"Shading Mode"},"sceneLighting":false,"audioPlay":false,"sceneViewState":{"showFog":false,"showMaterialUpdate":false,"showSkybox":false,"showFlares":false,"showImageEffects":false,"showParticleSystems":false},"in2DMode":false,"pivot":{"x":0.0000024437904357910158,"y":-2.2888312400937139e-7,"z":1.7881393432617188e-7},"rotation":{"x":0.017993567511439325,"y":-0.024891238659620286,"z":0.0004483547527343035,"w":0.9995315074920654},"size":2.333461284637451,"orthographic":false}