{"cameraMode":{"drawMode":0,"name":"Shaded","section":"Shading Mode"},"sceneLighting":false,"audioPlay":false,"sceneViewState":{"showFog":false,"showMaterialUpdate":false,"showSkybox":false,"showFlares":false,"showImageEffects":false,"showParticleSystems":false},"in2DMode":false,"pivot":{"x":1.5311286449432374,"y":0.6130444407463074,"z":-0.37290331721305849},"rotation":{"x":0.07343193143606186,"y":0.007479769643396139,"z":-0.0005508053000085056,"w":0.9972726702690125},"size":5.713033676147461,"orthographic":false}