{"cameraMode":{"drawMode":0,"name":"Shaded","section":"Shading Mode"},"sceneLighting":false,"audioPlay":false,"sceneViewState":{"showFog":false,"showMaterialUpdate":false,"showSkybox":false,"showFlares":false,"showImageEffects":false,"showParticleSystems":false},"in2DMode":false,"pivot":{"x":-38.84341049194336,"y":4.563821315765381,"z":1.0386453866958619},"rotation":{"x":0.07725813239812851,"y":0.9076417088508606,"z":-0.19203414022922517,"w":0.36515745520591738},"size":4.889819145202637,"orthographic":false}