{"cameraMode":{"drawMode":0,"name":"Shaded","section":"Shading Mode"},"sceneLighting":false,"audioPlay":false,"sceneViewState":{"showFog":false,"showMaterialUpdate":false,"showSkybox":false,"showFlares":false,"showImageEffects":false,"showParticleSystems":false},"in2DMode":false,"pivot":{"x":-0.0000024437904357910158,"y":-0.5000001788139343,"z":-0.49999988079071047},"rotation":{"x":0.07343193143606186,"y":0.007479769643396139,"z":-0.0005508053000085056,"w":0.9972726702690125},"size":1.9242156744003297,"orthographic":false}