{"cameraMode":{"drawMode":0,"name":"Shaded","section":"Shading Mode"},"sceneLighting":false,"audioPlay":false,"sceneViewState":{"showFog":false,"showMaterialUpdate":false,"showSkybox":false,"showFlares":false,"showImageEffects":false,"showParticleSystems":false},"in2DMode":false,"pivot":{"x":55.759521484375,"y":-1.2175730466842652,"z":0.5151067972183228},"rotation":{"x":0.17124618589878083,"y":-0.4564339518547058,"z":0.09000682830810547,"w":0.8684754371643066},"size":13.278887748718262,"orthographic":false}