{"cameraMode":{"drawMode":0,"name":"Shaded","section":"Shading Mode"},"sceneLighting":false,"audioPlay":false,"sceneViewState":{"showFog":false,"showMaterialUpdate":false,"showSkybox":false,"showFlares":false,"showImageEffects":false,"showParticleSystems":false},"in2DMode":false,"pivot":{"x":0.21255525946617127,"y":2.025531768798828,"z":-4.420400142669678},"rotation":{"x":0.1624397188425064,"y":-0.08720599859952927,"z":0.014414641074836254,"w":0.9827523827552795},"size":4.223963737487793,"orthographic":false}