{"cameraMode":{"drawMode":0,"name":"Shaded","section":"Shading Mode"},"sceneLighting":false,"audioPlay":false,"sceneViewState":{"showFog":false,"showMaterialUpdate":false,"showSkybox":false,"showFlares":false,"showImageEffects":false,"showParticleSystems":false},"in2DMode":false,"pivot":{"x":0.00000286102294921875,"y":-0.46866410970687868,"z":0.0000017881393432617188},"rotation":{"x":-0.20860274136066438,"y":0.7857965230941773,"z":-0.35545822978019717,"w":-0.46115007996559145},"size":2.7994701862335207,"orthographic":false}