{"cameraMode":{"drawMode":0,"name":"Shaded","section":"Shading Mode"},"sceneLighting":true,"audioPlay":false,"sceneViewState":{"showFog":false,"showMaterialUpdate":false,"showSkybox":false,"showFlares":false,"showImageEffects":false,"showParticleSystems":false},"in2DMode":false,"pivot":{"x":-4.8690900802612309,"y":11.175487518310547,"z":13.354082107543946},"rotation":{"x":-0.03415054455399513,"y":-0.08370961248874664,"z":-0.0026967120356857778,"w":0.9959046840667725},"size":71.38400268554688,"orthographic":false}