{"cameraMode":{"drawMode":0,"name":"Shaded","section":"Shading Mode"},"sceneLighting":true,"audioPlay":false,"sceneViewState":{"showFog":true,"showMaterialUpdate":false,"showSkybox":true,"showFlares":true,"showImageEffects":true,"showParticleSystems":true},"in2DMode":false,"pivot":{"x":-21.91875457763672,"y":-2.63372802734375,"z":16.693893432617189},"rotation":{"x":-0.1080990731716156,"y":-0.0008976540993899107,"z":0.00009738308290252462,"w":-0.9941502809524536},"size":21.880769729614259,"orthographic":false}