{"cameraMode":{"drawMode":0,"name":"Shaded","section":"Shading Mode"},"sceneLighting":true,"audioPlay":false,"sceneViewState":{"showFog":true,"showMaterialUpdate":false,"showSkybox":true,"showFlares":true,"showImageEffects":true,"showParticleSystems":true},"in2DMode":false,"pivot":{"x":-15.637417793273926,"y":3.4533348083496095,"z":0.5729485750198364},"rotation":{"x":0.07941052317619324,"y":0.012561263516545296,"z":-0.0010030724806711078,"w":0.9967730045318604},"size":19.0103702545166,"orthographic":false}