{"cameraMode":{"drawMode":0,"name":"Shaded","section":"Shading Mode"},"sceneLighting":true,"audioPlay":false,"sceneViewState":{"showFog":true,"showMaterialUpdate":false,"showSkybox":true,"showFlares":true,"showImageEffects":true,"showParticleSystems":true},"in2DMode":false,"pivot":{"x":408.34954833984377,"y":210.70338439941407,"z":7.231420516967773},"rotation":{"x":-0.00030918841366656125,"y":0.009596817195415497,"z":-0.0000027280132144369419,"w":-0.9999567270278931},"size":534.7262573242188,"orthographic":false}