{"cameraMode":{"drawMode":0,"name":"Shaded","section":"Shading Mode"},"sceneLighting":true,"audioPlay":false,"sceneViewState":{"showFog":true,"showMaterialUpdate":false,"showSkybox":true,"showFlares":true,"showImageEffects":true,"showParticleSystems":true},"in2DMode":false,"pivot":{"x":-44.220008850097659,"y":3.6715893745422365,"z":0.3096114993095398},"rotation":{"x":0.07671947032213211,"y":-0.010768166743218899,"z":0.0008326942333951592,"w":0.9970067143440247},"size":9.349759101867676,"orthographic":false}