{"cameraMode":{"drawMode":0,"name":"Shaded","section":"Shading Mode"},"sceneLighting":false,"audioPlay":false,"sceneViewState":{"showFog":true,"showMaterialUpdate":false,"showSkybox":false,"showFlares":true,"showImageEffects":true,"showParticleSystems":true},"in2DMode":false,"pivot":{"x":-1.1920928955078126e-7,"y":1.7722951173782349,"z":1.1920928955078126e-7},"rotation":{"x":-0.2563548982143402,"y":0.06286893039941788,"z":-0.01671012118458748,"w":-0.9644012451171875},"size":6.346008777618408,"orthographic":false}