{"cameraMode":{"drawMode":0,"name":"Shaded","section":"Shading Mode"},"sceneLighting":true,"audioPlay":false,"sceneViewState":{"showFog":true,"showMaterialUpdate":false,"showSkybox":true,"showFlares":true,"showImageEffects":true,"showParticleSystems":true},"in2DMode":false,"pivot":{"x":402.46881103515627,"y":172.86331176757813,"z":41.96661376953125},"rotation":{"x":0.039284225553274158,"y":-0.015288013033568859,"z":0.0006051602540537715,"w":0.9991234540939331},"size":993.366455078125,"orthographic":false}