{"cameraMode":{"drawMode":0,"name":"Shaded","section":"Shading Mode"},"sceneLighting":false,"audioPlay":false,"sceneViewState":{"showFog":true,"showMaterialUpdate":false,"showSkybox":false,"showFlares":true,"showImageEffects":true,"showParticleSystems":true},"in2DMode":false,"pivot":{"x":-0.000001519918441772461,"y":0.24016785621643067,"z":-0.0000010132789611816407},"rotation":{"x":0.18233622610569,"y":-0.05012105405330658,"z":0.009302417747676373,"w":0.981930136680603},"size":1.5339927673339844,"orthographic":false}