{"cameraMode":{"drawMode":0,"name":"Shaded","section":"Shading Mode"},"sceneLighting":true,"audioPlay":false,"sceneViewState":{"showFog":true,"showMaterialUpdate":false,"showSkybox":true,"showFlares":true,"showImageEffects":true,"showParticleSystems":true},"in2DMode":false,"pivot":{"x":17.305953979492189,"y":2.9511873722076418,"z":-0.55718994140625},"rotation":{"x":0.07310301810503006,"y":-0.031113142147660257,"z":0.002266571158543229,"w":0.9968778491020203},"size":8.73139476776123,"orthographic":false}