{"cameraMode":{"drawMode":0,"name":"Shaded","section":"Shading Mode"},"sceneLighting":true,"audioPlay":false,"sceneViewState":{"showFog":true,"showMaterialUpdate":false,"showSkybox":true,"showFlares":true,"showImageEffects":true,"showParticleSystems":true},"in2DMode":false,"pivot":{"x":33.225765228271487,"y":5.19753360748291,"z":0.0685110092163086},"rotation":{"x":-0.04679073393344879,"y":0.009586749598383904,"z":-0.0004463084042072296,"w":-0.9988715648651123},"size":14.446333885192871,"orthographic":false}