{"cameraMode":{"drawMode":0,"name":"Shaded","section":"Shading Mode"},"sceneLighting":true,"audioPlay":false,"sceneViewState":{"showFog":true,"showMaterialUpdate":false,"showSkybox":true,"showFlares":true,"showImageEffects":true,"showParticleSystems":true},"in2DMode":false,"pivot":{"x":39.2400016784668,"y":1.2649999856948853,"z":0.0},"rotation":{"x":-0.04679073393344879,"y":0.009586749598383904,"z":-0.0004463084042072296,"w":-0.9988715648651123},"size":2.4750001430511476,"orthographic":false}