{"cameraMode":{"drawMode":0,"name":"Shaded","section":"Shading Mode"},"sceneLighting":true,"audioPlay":false,"sceneViewState":{"showFog":true,"showMaterialUpdate":false,"showSkybox":true,"showFlares":true,"showImageEffects":true,"showParticleSystems":true},"in2DMode":false,"pivot":{"x":363.4228515625,"y":161.6658935546875,"z":6.345160484313965},"rotation":{"x":-0.00030918841366656125,"y":0.009596817195415497,"z":-0.0000027280132144369419,"w":-0.9999567270278931},"size":569.37744140625,"orthographic":false}