{"cameraMode":{"drawMode":0,"name":"Shaded","section":"Shading Mode"},"sceneLighting":true,"audioPlay":false,"sceneViewState":{"showFog":true,"showMaterialUpdate":false,"showSkybox":true,"showFlares":true,"showImageEffects":true,"showParticleSystems":true},"in2DMode":false,"pivot":{"x":380.1671447753906,"y":163.5877227783203,"z":6.740074157714844},"rotation":{"x":-0.007808168418705463,"y":0.018595613539218904,"z":-0.00014522297715302557,"w":-0.9997984170913696},"size":616.37451171875,"orthographic":false}