{"cameraMode":{"drawMode":0,"name":"Shaded","section":"Shading Mode"},"sceneLighting":false,"audioPlay":false,"sceneViewState":{"showFog":true,"showMaterialUpdate":false,"showSkybox":false,"showFlares":true,"showImageEffects":true,"showParticleSystems":true},"in2DMode":false,"pivot":{"x":55.679996490478519,"y":12.578271865844727,"z":-2.6509523391723635},"rotation":{"x":0.1642296016216278,"y":-0.017163272947072984,"z":0.0028460146859288217,"w":0.9862810969352722},"size":25.929609298706056,"orthographic":false}