{"cameraMode":{"drawMode":0,"name":"Shaded","section":"Shading Mode"},"sceneLighting":true,"audioPlay":false,"sceneViewState":{"showFog":true,"showMaterialUpdate":false,"showSkybox":true,"showFlares":true,"showImageEffects":true,"showParticleSystems":true},"in2DMode":false,"pivot":{"x":-53.455772399902347,"y":234.10134887695313,"z":-533.4964599609375},"rotation":{"x":-0.04679073393344879,"y":0.009586749598383904,"z":-0.0004463084042072296,"w":-0.9988715648651123},"size":16.89148712158203,"orthographic":false}