{"cameraMode":{"drawMode":0,"name":"Shaded","section":"Shading Mode"},"sceneLighting":false,"audioPlay":false,"sceneViewState":{"showFog":true,"showMaterialUpdate":false,"showSkybox":false,"showFlares":true,"showImageEffects":true,"showParticleSystems":true},"in2DMode":false,"pivot":{"x":9.60000228881836,"y":-2.1539242267608644,"z":1.3100017309188843},"rotation":{"x":0.019487593322992326,"y":-0.03388502448797226,"z":0.0006606712122447789,"w":0.9992383122444153},"size":2.554213285446167,"orthographic":false}