{"cameraMode":{"drawMode":0,"name":"Shaded","section":"Shading Mode"},"sceneLighting":false,"audioPlay":false,"sceneViewState":{"showFog":true,"showMaterialUpdate":false,"showSkybox":false,"showFlares":true,"showImageEffects":true,"showParticleSystems":true},"in2DMode":false,"pivot":{"x":-24.433639526367189,"y":1.5692410469055176,"z":0.05630186200141907},"rotation":{"x":-0.00030918841366656125,"y":0.009596817195415497,"z":-0.0000027280132144369419,"w":-0.9999567270278931},"size":2.990692138671875,"orthographic":false}