{"cameraMode":{"drawMode":0,"name":"Shaded","section":"Shading Mode"},"sceneLighting":true,"audioPlay":false,"sceneViewState":{"showFog":true,"showMaterialUpdate":false,"showSkybox":true,"showFlares":true,"showImageEffects":true,"showParticleSystems":true},"in2DMode":false,"pivot":{"x":-21.885719299316408,"y":151.1584014892578,"z":-552.9208984375},"rotation":{"x":0.1152428686618805,"y":-0.002980007790029049,"z":0.0003457296406850219,"w":0.9933327436447144},"size":81.27352142333985,"orthographic":true}