{"cameraMode":{"drawMode":0,"name":"Shaded","section":"Shading Mode"},"sceneLighting":true,"audioPlay":false,"sceneViewState":{"showFog":true,"showMaterialUpdate":false,"showSkybox":true,"showFlares":true,"showImageEffects":true,"showParticleSystems":true},"in2DMode":false,"pivot":{"x":448.1109924316406,"y":126.51494598388672,"z":5.850497245788574},"rotation":{"x":-0.04768439754843712,"y":-0.006289312150329351,"z":0.00047740209265612066,"w":-0.9989545345306397},"size":913.425537109375,"orthographic":false}