{"cameraMode":{"drawMode":0,"name":"Shaded","section":"Shading Mode"},"sceneLighting":false,"audioPlay":false,"sceneViewState":{"showFog":true,"showMaterialUpdate":false,"showSkybox":false,"showFlares":true,"showImageEffects":true,"showParticleSystems":true},"in2DMode":false,"pivot":{"x":-24.479822158813478,"y":1.7098407745361329,"z":0.04123407602310181},"rotation":{"x":-0.04768439754843712,"y":-0.006289312150329351,"z":0.00047740209265612066,"w":-0.9989545345306397},"size":5.202016353607178,"orthographic":false}