{"cameraMode":{"drawMode":0,"name":"Shaded","section":"Shading Mode"},"sceneLighting":true,"audioPlay":false,"sceneViewState":{"showFog":true,"showMaterialUpdate":false,"showSkybox":true,"showFlares":true,"showImageEffects":true,"showParticleSystems":true},"in2DMode":false,"pivot":{"x":64.59867095947266,"y":81.43386840820313,"z":-74.73603820800781},"rotation":{"x":0.1818624883890152,"y":0.03539125248789787,"z":-0.006549858022481203,"w":0.9826652407646179},"size":225.91932678222657,"orthographic":false}