{"cameraMode":{"drawMode":0,"name":"Shaded","section":"Shading Mode"},"sceneLighting":false,"audioPlay":false,"sceneViewState":{"showFog":true,"showMaterialUpdate":false,"showSkybox":false,"showFlares":true,"showImageEffects":true,"showParticleSystems":true},"in2DMode":false,"pivot":{"x":55.679996490478519,"y":12.578271865844727,"z":-2.6509523391723635},"rotation":{"x":0.06145910918712616,"y":0.008683486841619015,"z":-0.0005348226404748857,"w":0.9980758428573608},"size":25.929609298706056,"orthographic":true}