{"cameraMode":{"drawMode":0,"name":"Shaded","section":"Shading Mode"},"sceneLighting":true,"audioPlay":false,"sceneViewState":{"showFog":true,"showMaterialUpdate":false,"showSkybox":true,"showFlares":true,"showImageEffects":true,"showParticleSystems":true},"in2DMode":false,"pivot":{"x":-17.633638381958009,"y":1.8222239017486573,"z":-1.2839858531951905},"rotation":{"x":0.055473338812589648,"y":-0.003296846756711602,"z":0.00016582886746618897,"w":0.9985059499740601},"size":8.997142791748047,"orthographic":true}