{"cameraMode":{"drawMode":0,"name":"Shaded","section":"Shading Mode"},"sceneLighting":true,"audioPlay":false,"sceneViewState":{"showFog":true,"showMaterialUpdate":false,"showSkybox":true,"showFlares":true,"showImageEffects":true,"showParticleSystems":true},"in2DMode":false,"pivot":{"x":-53.433204650878909,"y":237.2556610107422,"z":-532.8395385742188},"rotation":{"x":0.1152428686618805,"y":-0.002980007790029049,"z":0.0003457296406850219,"w":0.9933327436447144},"size":67.25697326660156,"orthographic":true}