{"cameraMode":{"drawMode":0,"name":"Shaded","section":"Shading Mode"},"sceneLighting":false,"audioPlay":false,"sceneViewState":{"showFog":true,"showMaterialUpdate":false,"showSkybox":false,"showFlares":true,"showImageEffects":true,"showParticleSystems":true},"in2DMode":false,"pivot":{"x":-24.444599151611329,"y":1.7098407745361329,"z":0.04186820983886719},"rotation":{"x":0.2201720029115677,"y":-0.008779042400419712,"z":0.001981632551178336,"w":0.9754197597503662},"size":5.202016353607178,"orthographic":true}