{"cameraMode":{"drawMode":0,"name":"Shaded","section":"Shading Mode"},"sceneLighting":true,"audioPlay":false,"sceneViewState":{"showFog":true,"showMaterialUpdate":false,"showSkybox":true,"showFlares":true,"showImageEffects":true,"showParticleSystems":true},"in2DMode":false,"pivot":{"x":449.53155517578127,"y":216.52420043945313,"z":-840.26513671875},"rotation":{"x":-0.043684035539627078,"y":-0.07127387076616287,"z":0.0031244740821421148,"w":-0.99649578332901},"size":62.9058837890625,"orthographic":false}