{"cameraMode":{"drawMode":0,"name":"Shaded","section":"Shading Mode"},"sceneLighting":false,"audioPlay":false,"sceneViewState":{"showFog":true,"showMaterialUpdate":false,"showSkybox":false,"showFlares":true,"showImageEffects":true,"showParticleSystems":true},"in2DMode":false,"pivot":{"x":-3.458580493927002,"y":-0.20630018413066865,"z":-0.529710054397583},"rotation":{"x":-0.13018088042736054,"y":-0.3371833562850952,"z":0.04713688790798187,"w":-0.9312043786048889},"size":1.0007481575012208,"orthographic":false}