{"cameraMode":{"drawMode":0,"name":"Shaded","section":"Shading Mode"},"sceneLighting":true,"audioPlay":false,"sceneViewState":{"showFog":true,"showMaterialUpdate":false,"showSkybox":true,"showFlares":true,"showImageEffects":true,"showParticleSystems":true},"in2DMode":false,"pivot":{"x":-33.51453399658203,"y":2.924449920654297,"z":-1.077362060546875},"rotation":{"x":-0.20952469110488892,"y":-0.07998304069042206,"z":0.017199106514453889,"w":-0.9743748307228088},"size":16.275157928466798,"orthographic":false}